date,open,high,low,close
23-07-2019,491.0,511.55,481.4,508.55
24-07-2019,511.9,533.0,497.0,499.55
25-07-2019,498.85,510.7,498.2,501.2
26-07-2019,504.7,508.0,495.1,499.1
29-07-2019,499.8,502.7,478.4,485.35
30-07-2019,487.1,491.8,475.1,483.1
31-07-2019,481.2,495.5,477.25,493.5
01-08-2019,493.0,502.0,481.1,487.95
02-08-2019,488.95,498.35,480.4,494.35
05-08-2019,491.5,494.5,483.3,487.15
06-08-2019,485.05,518.0,485.05,512.1
07-08-2019,517.0,524.8,511.1,518.1
08-08-2019,541.4,545.55,516.3,522.9
09-08-2019,524.3,535.4,524.3,526.75
13-08-2019,529.7,537.0,516.0,519.35
14-08-2019,487.5,540.55,481.25,517.0
16-08-2019,515.0,543.0,513.6,540.15
19-08-2019,545.7,560.0,520.0,524.55
20-08-2019,526.0,532.9,516.6,527.9
21-08-2019,530.0,539.0,525.1,530.7
22-08-2019,533.95,538.35,525.4,528.45
23-08-2019,530.0,531.8,512.75,517.2
26-08-2019,529.75,536.8,517.1,526.4
27-08-2019,535.0,569.75,534.0,555.2
28-08-2019,556.9,557.4,538.1,547.7
29-08-2019,544.25,549.75,540.0,541.7
30-08-2019,542.0,559.4,542.0,557.15
03-09-2019,551.4,556.95,535.0,536.75
04-09-2019,539.0,542.8,528.6,535.65
05-09-2019,538.8,547.4,527.0,528.5
06-09-2019,531.9,536.0,528.0,529.9
09-09-2019,534.0,539.75,529.3,530.9
11-09-2019,533.7,540.5,533.0,537.9
12-09-2019,539.95,545.9,536.2,537.85
13-09-2019,538.7,543.0,532.85,540.4
16-09-2019,537.0,540.0,533.55,537.65
17-09-2019,538.6,538.6,524.1,530.7
18-09-2019,533.85,540.0,533.0,539.1
19-09-2019,540.7,540.7,529.1,532.45
20-09-2019,536.0,567.0,536.0,563.85
23-09-2019,564.0,566.7,540.0,540.75
24-09-2019,541.1,554.95,540.15,551.05
25-09-2019,551.8,562.7,550.1,557.85
26-09-2019,556.9,577.0,556.4,569.3
27-09-2019,567.1,585.6,567.1,582.3
30-09-2019,585.0,609.0,585.0,601.15
01-10-2019,604.2,608.0,590.35,598.2
03-10-2019,596.3,597.85,575.5,592.9
04-10-2019,593.25,594.7,582.05,584.45
07-10-2019,584.5,584.5,572.05,575.45
09-10-2019,575.2,586.75,573.7,580.5
10-10-2019,577.5,589.0,575.0,583.8
11-10-2019,585.0,599.7,584.0,590.65
14-10-2019,586.0,589.7,580.0,582.3
15-10-2019,581.0,595.85,580.6,592.75
16-10-2019,594.8,615.85,594.0,610.6
17-10-2019,612.95,622.0,610.0,615.15
18-10-2019,615.7,616.5,607.0,608.45
22-10-2019,609.95,624.25,605.5,611.3
23-10-2019,614.8,625.9,601.0,607.85
24-10-2019,609.9,618.9,607.6,615.35
25-10-2019,617.4,619.8,608.1,610.5
27-10-2019,614.9,622.0,612.35,619.65
29-10-2019,620.85,621.0,609.1,610.75
30-10-2019,581.2,643.65,581.1,632.45
31-10-2019,636.9,646.4,622.0,626.2
01-11-2019,626.0,636.0,608.1,612.7
04-11-2019,612.5,615.7,588.4,593.3
05-11-2019,596.0,602.0,580.15,583.65
06-11-2019,584.0,590.9,580.1,584.95
07-11-2019,587.9,588.75,576.15,580.15
08-11-2019,580.0,585.2,566.5,567.9
11-11-2019,569.95,584.0,565.0,571.0
13-11-2019,572.0,593.0,572.0,589.15
14-11-2019,592.5,594.9,581.5,586.35
15-11-2019,588.35,588.35,576.1,577.5
18-11-2019,574.95,574.95,567.5,570.45
19-11-2019,571.0,577.5,565.6,570.7
20-11-2019,572.0,579.5,568.5,574.7
21-11-2019,576.4,592.35,573.0,589.25
22-11-2019,591.8,593.9,581.25,586.4
25-11-2019,585.85,599.85,585.0,597.8
26-11-2019,600.0,607.75,592.0,597.6
27-11-2019,598.1,599.4,582.75,584.95
28-11-2019,588.0,588.65,575.0,576.2
29-11-2019,577.5,583.0,570.2,571.5
02-12-2019,570.0,578.85,566.0,569.4
03-12-2019,572.6,586.45,571.5,584.75
04-12-2019,584.9,588.0,577.1,583.65
05-12-2019,585.45,585.7,575.0,575.9
06-12-2019,577.75,579.2,571.25,575.0
09-12-2019,576.7,576.75,570.1,572.5
10-12-2019,577.15,586.5,569.05,570.5
11-12-2019,573.4,575.0,565.5,572.5
12-12-2019,576.75,585.65,571.05,582.9
13-12-2019,585.7,595.1,585.7,588.9
16-12-2019,588.5,594.9,586.6,592.1
17-12-2019,595.15,600.0,586.2,595.6
18-12-2019,599.0,604.8,588.2,601.5
19-12-2019,602.0,609.25,598.5,605.25
20-12-2019,606.0,616.0,603.0,612.7
23-12-2019,615.1,621.0,609.0,616.15
24-12-2019,618.1,627.6,613.4,625.3
26-12-2019,627.9,639.0,623.1,635.6
27-12-2019,639.0,639.0,628.55,631.4
30-12-2019,632.7,638.75,629.0,636.15
31-12-2019,637.9,646.0,620.75,626.05
01-01-2020,623.0,626.0,616.35,621.45
02-01-2020,622.7,638.8,618.4,634.25
03-01-2020,631.0,637.45,626.4,630.7
06-01-2020,627.4,627.4,611.5,619.55
07-01-2020,623.6,643.7,623.6,629.95
08-01-2020,622.0,631.8,618.5,628.85
09-01-2020,635.0,636.5,627.8,631.5
10-01-2020,632.4,634.0,618.75,623.1
13-01-2020,627.9,633.05,623.6,625.4
14-01-2020,626.5,627.0,612.75,614.25
15-01-2020,614.0,620.5,612.75,616.55
16-01-2020,624.0,625.0,605.8,607.5
17-01-2020,607.5,611.55,601.7,607.65
20-01-2020,611.0,612.45,597.1,598.25
21-01-2020,595.7,609.7,594.15,602.0
22-01-2020,604.9,616.5,602.65,612.75
23-01-2020,614.3,621.9,611.5,616.0
24-01-2020,607.9,611.25,602.8,607.25
27-01-2020,604.8,605.7,598.1,599.7
28-01-2020,601.0,611.9,599.0,603.75
29-01-2020,605.95,611.0,602.25,605.05
30-01-2020,605.9,608.55,597.15,600.45
31-01-2020,603.1,604.45,597.3,599.2
01-02-2020,598.2,609.0,537.9,562.4
03-02-2020,553.0,573.0,527.5,565.3
04-02-2020,568.0,578.45,555.55,573.1
05-02-2020,574.4,586.35,565.0,583.45
06-02-2020,587.0,598.7,587.0,593.65
07-02-2020,593.5,600.0,589.0,595.7
10-02-2020,596.0,598.9,584.5,588.05
11-02-2020,589.75,594.5,575.8,583.5
12-02-2020,585.6,594.7,563.6,578.35
13-02-2020,576.5,582.25,568.5,577.2
14-02-2020,578.9,581.5,572.0,573.95
17-02-2020,574.9,575.0,564.05,565.9
18-02-2020,564.8,565.35,556.0,562.6
19-02-2020,565.9,581.85,563.0,579.1
20-02-2020,582.1,583.7,572.1,573.5
24-02-2020,572.25,578.4,556.0,560.8
25-02-2020,570.0,582.5,566.0,569.5
26-02-2020,565.3,571.45,555.0,557.05
27-02-2020,559.0,569.3,544.25,566.7
28-02-2020,554.0,565.0,541.25,544.1
02-03-2020,555.0,564.25,550.95,554.5
03-03-2020,560.0,573.0,559.65,563.5
04-03-2020,567.4,570.0,560.15,568.6
05-03-2020,572.0,572.8,556.4,564.95
06-03-2020,541.0,556.5,535.0,548.15
09-03-2020,538.0,540.3,506.2,517.65
11-03-2020,515.0,526.0,508.05,513.55
12-03-2020,495.0,498.0,453.3,472.9
13-03-2020,435.0,525.0,429.1,507.15
16-03-2020,494.0,500.4,471.0,474.2
17-03-2020,475.0,486.0,460.0,464.95
18-03-2020,465.0,470.0,410.85,419.45
19-03-2020,385.35,432.55,385.35,416.95
20-03-2020,425.1,442.0,411.3,418.1
23-03-2020,377.5,394.4,340.0,342.3
24-03-2020,362.0,409.0,345.85,391.3
25-03-2020,390.0,440.0,385.6,434.3
26-03-2020,448.0,487.0,434.0,477.45
27-03-2020,450.2,483.8,440.0,441.0
30-03-2020,432.0,443.9,407.0,412.5
31-03-2020,429.0,448.2,414.4,441.35
01-04-2020,438.1,447.4,424.05,429.9
03-04-2020,428.5,442.0,416.2,422.3
07-04-2020,436.9,476.0,433.25,470.5
08-04-2020,464.95,500.55,457.4,476.6
09-04-2020,488.9,494.4,464.15,472.25
13-04-2020,473.0,482.75,453.3,477.8
15-04-2020,481.7,488.7,468.5,471.7
16-04-2020,470.0,494.4,462.0,489.7
17-04-2020,505.0,518.95,491.5,495.5
20-04-2020,503.7,515.3,496.0,508.3
21-04-2020,496.0,502.85,488.9,496.35
22-04-2020,499.5,509.0,490.35,503.65
23-04-2020,505.0,511.9,486.3,488.5
24-04-2020,478.25,478.75,451.15,453.35
27-04-2020,459.0,491.4,459.0,484.75
28-04-2020,495.0,496.6,471.15,486.15
29-04-2020,488.0,505.2,484.75,492.85
30-04-2020,500.0,510.7,493.15,501.05
04-05-2020,489.0,489.0,472.1,478.95
05-05-2020,483.0,489.9,475.15,477.55
06-05-2020,478.0,499.0,469.45,491.0
07-05-2020,489.7,502.0,488.9,494.55
08-05-2020,499.7,527.35,499.0,520.05
11-05-2020,529.75,539.0,522.5,525.2
12-05-2020,521.45,536.6,517.3,526.8
13-05-2020,533.0,538.0,515.0,516.75
14-05-2020,515.0,523.0,491.4,495.0
15-05-2020,499.1,501.0,485.0,487.3
18-05-2020,487.3,490.9,464.0,469.35
19-05-2020,475.0,485.95,465.25,471.75
20-05-2020,474.15,482.75,472.5,479.25
21-05-2020,480.0,496.55,480.0,493.8
22-05-2020,493.0,504.7,490.3,494.75
26-05-2020,502.0,514.9,497.0,507.45
27-05-2020,506.8,510.0,495.25,503.3
28-05-2020,506.0,523.3,501.45,516.8
29-05-2020,516.4,540.8,511.75,523.2
01-06-2020,521.0,528.65,513.35,516.1
02-06-2020,516.0,522.25,497.0,499.7
03-06-2020,502.1,519.75,494.45,501.35
04-06-2020,521.15,524.95,512.3,517.6
05-06-2020,517.6,521.25,511.7,516.25
08-06-2020,520.0,529.8,516.25,522.05
09-06-2020,525.0,531.0,501.5,506.85
10-06-2020,507.45,507.95,499.0,501.7
11-06-2020,500.0,509.5,497.0,501.65
12-06-2020,488.0,504.15,486.25,502.3
15-06-2020,507.9,507.9,495.3,499.9
16-06-2020,505.0,510.7,497.0,505.7
17-06-2020,506.0,508.7,498.55,500.4
18-06-2020,500.0,517.9,498.65,515.95
19-06-2020,517.95,524.0,514.35,521.1
22-06-2020,524.95,525.8,514.55,520.4
23-06-2020,524.25,544.6,520.4,537.05
24-06-2020,542.7,545.6,523.7,527.25
25-06-2020,520.0,539.75,519.0,538.4
26-06-2020,541.4,547.45,535.0,541.9
29-06-2020,543.5,544.6,532.65,537.2
30-06-2020,540.5,554.45,537.0,549.0
01-07-2020,555.55,560.0,546.15,549.65
02-07-2020,549.5,552.5,545.7,547.95
03-07-2020,564.95,589.6,558.0,572.15
06-07-2020,581.0,591.85,576.4,584.7
07-07-2020,589.7,591.0,572.1,582.6
08-07-2020,581.5,596.9,578.0,581.95
09-07-2020,584.1,589.9,582.95,585.2
10-07-2020,586.0,600.0,585.25,592.5
13-07-2020,593.95,603.75,584.0,600.3
14-07-2020,592.5,609.0,592.5,598.45
15-07-2020,600.0,604.7,593.0,594.8
16-07-2020,594.0,603.75,589.25,599.85
17-07-2020,600.8,616.0,600.05,614.5
20-07-2020,619.7,628.2,612.3,616.45
21-07-2020,622.0,632.5,601.35,627.45
22-07-2020,627.0,627.0,605.9,609.65
23-07-2020,610.95,623.7,610.65,622.7
24-07-2020,617.0,624.9,615.5,622.4
27-07-2020,624.6,637.5,613.5,633.45
28-07-2020,636.0,647.6,633.65,640.5
29-07-2020,640.5,642.7,629.0,637.75
30-07-2020,639.95,644.9,623.95,635.1
31-07-2020,628.7,637.9,619.05,627.1
03-08-2020,624.0,624.0,600.5,603.0
04-08-2020,605.2,615.9,600.95,614.15
05-08-2020,616.45,618.15,603.3,605.0
06-08-2020,608.4,611.75,602.25,606.9
07-08-2020,607.9,613.85,605.45,606.95
10-08-2020,616.0,617.95,607.0,608.85
11-08-2020,609.85,613.9,606.1,608.75
12-08-2020,609.0,617.7,603.1,608.75
13-08-2020,610.0,614.0,598.0,599.75
14-08-2020,600.0,602.4,585.65,587.75
17-08-2020,591.4,594.2,585.95,589.1
18-08-2020,590.5,600.65,589.0,597.6
19-08-2020,600.0,607.95,598.95,603.45
20-08-2020,599.0,600.0,590.1,595.05
21-08-2020,599.2,608.9,596.15,598.1
24-08-2020,599.8,605.45,597.05,598.75
25-08-2020,599.0,603.6,593.0,599.8
26-08-2020,603.0,603.0,588.65,592.05
27-08-2020,594.2,600.0,591.15,596.05
28-08-2020,600.0,603.5,588.15,589.35
31-08-2020,594.75,594.75,567.05,574.8
01-09-2020,581.5,586.0,570.75,579.3
02-09-2020,581.4,590.0,576.8,580.85
03-09-2020,583.7,589.0,579.25,582.2
04-09-2020,570.0,581.0,569.05,574.65
07-09-2020,576.6,594.5,571.15,591.85
08-09-2020,593.5,595.15,579.5,581.85
09-09-2020,588.9,593.0,582.65,585.7
10-09-2020,589.6,603.0,587.4,601.6
11-09-2020,608.0,612.7,601.6,604.8
14-09-2020,610.0,610.0,595.2,599.45
15-09-2020,601.95,601.95,591.05,594.2
16-09-2020,594.5,604.95,592.8,598.6
17-09-2020,593.1,598.1,588.3,591.85
18-09-2020,594.0,594.8,583.5,585.1
21-09-2020,587.0,589.8,577.25,579.35
22-09-2020,576.0,587.5,566.3,579.4
23-09-2020,581.25,586.1,575.6,580.25
24-09-2020,574.8,580.8,572.7,577.65
25-09-2020,577.3,580.5,571.25,577.5
28-09-2020,579.2,583.3,577.05,581.2
29-09-2020,586.8,586.8,563.75,570.8
30-09-2020,571.8,571.95,555.95,559.4
01-10-2020,568.0,572.0,562.25,569.2
05-10-2020,572.0,576.95,565.35,574.75
06-10-2020,577.5,586.2,575.75,582.05
07-10-2020,585.0,587.15,575.0,578.95
08-10-2020,586.5,586.5,577.1,583.15
09-10-2020,587.0,589.0,568.6,573.8
12-10-2020,576.45,577.0,560.2,563.4
13-10-2020,564.4,571.95,559.7,566.7
14-10-2020,564.9,574.8,558.0,572.35
15-10-2020,573.0,574.0,560.05,561.5
16-10-2020,562.95,566.25,559.5,561.15
19-10-2020,565.9,574.3,564.3,570.5
20-10-2020,574.6,581.0,567.0,571.0
21-10-2020,574.5,577.45,556.0,562.7
22-10-2020,563.0,566.8,558.15,561.1
23-10-2020,563.0,580.65,559.65,564.5
26-10-2020,566.75,582.65,563.5,578.65
27-10-2020,582.9,591.5,580.0,587.3
28-10-2020,590.75,594.8,583.65,586.15
29-10-2020,582.0,588.0,580.35,586.1
30-10-2020,590.0,598.2,584.0,589.75
02-11-2020,590.8,594.5,585.6,587.5
03-11-2020,590.4,601.6,590.0,599.05
04-11-2020,591.1,603.9,591.1,594.25
05-11-2020,600.15,602.5,590.0,592.05
06-11-2020,593.0,598.6,588.85,590.6
09-11-2020,596.0,599.0,587.75,592.85
10-11-2020,595.0,615.1,590.4,609.65
11-11-2020,616.95,626.8,614.25,623.45
12-11-2020,623.85,633.1,618.4,630.4
13-11-2020,625.0,630.35,617.95,627.5
14-11-2020,638.0,639.2,633.7,636.1
17-11-2020,638.7,674.0,635.0,670.05
18-11-2020,672.5,676.1,661.2,664.8
19-11-2020,661.0,670.75,643.0,646.05
20-11-2020,647.35,668.55,647.35,663.9
23-11-2020,667.2,674.3,655.95,661.3
24-11-2020,665.5,666.4,651.4,664.15
25-11-2020,672.45,688.5,661.85,665.1
26-11-2020,668.0,675.4,658.15,660.8
27-11-2020,663.7,664.1,642.15,646.8
01-12-2020,653.25,656.0,639.5,641.9
02-12-2020,644.0,646.9,630.2,636.5
03-12-2020,626.1,650.7,625.0,647.95
04-12-2020,652.0,654.95,640.1,643.25
07-12-2020,645.1,651.4,641.85,649.55
08-12-2020,652.55,657.7,644.0,651.5
09-12-2020,655.5,656.5,645.0,652.6
10-12-2020,656.1,661.0,645.65,659.45
11-12-2020,663.9,668.35,655.25,664.5
14-12-2020,667.45,668.0,653.25,655.75
15-12-2020,659.9,663.95,644.75,651.45
16-12-2020,655.4,655.75,647.25,648.7
17-12-2020,651.0,661.2,650.25,654.55
18-12-2020,656.3,656.3,640.0,654.1
21-12-2020,646.0,653.15,617.4,629.2
22-12-2020,630.0,643.25,620.6,641.25
23-12-2020,641.25,649.9,633.75,648.6
24-12-2020,651.7,663.6,649.0,657.25
28-12-2020,661.85,680.0,657.7,678.7
29-12-2020,683.0,686.35,670.15,673.2
30-12-2020,679.0,679.0,667.0,675.7
31-12-2020,676.7,679.0,669.55,676.5
01-01-2021,676.5,680.8,675.0,678.4
04-01-2021,680.35,697.6,680.35,695.85
05-01-2021,691.1,715.0,690.25,713.75
06-01-2021,713.0,720.5,705.4,719.05
07-01-2021,720.0,723.8,702.5,704.3
08-01-2021,715.4,721.95,708.1,717.0
11-01-2021,720.9,731.0,715.7,725.1
12-01-2021,727.0,727.0,714.2,718.4
13-01-2021,718.45,724.7,708.55,713.25
14-01-2021,713.0,718.55,702.55,706.9
15-01-2021,708.4,717.0,702.2,704.85
18-01-2021,703.0,709.3,689.0,693.95
19-01-2021,695.0,701.55,693.7,698.55
20-01-2021,700.0,711.85,700.0,702.95
21-01-2021,710.0,711.9,699.0,700.5
22-01-2021,702.7,708.8,684.1,687.4
25-01-2021,695.0,699.5,665.65,680.4
27-01-2021,685.0,695.0,673.05,682.85
28-01-2021,679.5,683.05,670.1,671.8
29-01-2021,673.65,684.95,668.15,677.95
01-02-2021,678.3,713.3,668.5,699.05
02-02-2021,710.5,712.0,674.5,681.05
03-02-2021,685.0,695.0,679.0,689.2
04-02-2021,685.25,690.65,678.15,680.4
05-02-2021,682.6,684.95,672.4,681.55
08-02-2021,685.85,691.4,677.25,684.05
09-02-2021,688.7,710.2,687.95,704.9
10-02-2021,710.05,723.9,710.0,719.05
11-02-2021,721.0,726.45,710.3,714.2
12-02-2021,713.95,720.0,708.25,710.95
15-02-2021,713.5,717.35,694.2,695.25
16-02-2021,696.4,704.0,686.95,695.35
17-02-2021,696.0,711.5,693.0,703.1
18-02-2021,703.5,715.95,702.0,713.45
19-02-2021,715.3,723.45,703.1,710.65
22-02-2021,711.0,713.65,688.05,690.6
23-02-2021,693.5,712.85,690.15,705.7
24-02-2021,712.05,721.5,697.0,718.8
25-02-2021,724.0,744.0,721.0,733.5
26-02-2021,725.95,730.9,693.95,700.65
01-03-2021,711.3,713.5,700.15,705.25
02-03-2021,714.95,727.8,706.25,720.8
03-03-2021,724.0,731.5,721.1,727.5
04-03-2021,721.0,728.5,713.0,720.5
05-03-2021,723.0,724.75,711.3,717.25
08-03-2021,721.9,736.95,715.0,722.95
09-03-2021,732.0,746.0,732.0,740.2
10-03-2021,743.15,746.0,725.1,731.35
12-03-2021,739.8,739.8,710.0,710.8
15-03-2021,712.0,715.0,695.5,704.15
16-03-2021,707.7,710.6,700.0,703.05
17-03-2021,706.5,707.1,687.5,689.8
18-03-2021,695.1,699.25,675.1,680.85
19-03-2021,679.95,690.0,673.85,688.45
22-03-2021,689.45,694.75,678.25,679.85
23-03-2021,683.85,689.45,680.65,683.55
24-03-2021,679.2,686.85,675.05,676.5
25-03-2021,676.5,677.55,662.0,667.0
26-03-2021,672.4,676.8,666.55,671.7
30-03-2021,675.5,693.3,675.0,687.75
31-03-2021,688.0,697.8,681.0,696.2
01-04-2021,699.8,704.35,682.3,691.0
05-04-2021,697.9,698.0,676.1,682.15
06-04-2021,686.45,701.05,680.55,697.15
07-04-2021,704.45,705.0,695.2,699.85
08-04-2021,700.0,706.0,697.3,701.45
09-04-2021,700.0,703.2,690.5,694.85
12-04-2021,685.0,690.0,679.6,687.3
13-04-2021,689.15,710.7,685.0,706.1
15-04-2021,713.15,713.7,688.0,694.45
16-04-2021,694.5,701.3,689.1,690.65
19-04-2021,682.05,684.45,661.55,665.95
20-04-2021,670.1,689.0,670.1,685.2
22-04-2021,672.0,682.8,672.0,679.05
23-04-2021,679.0,691.4,676.35,686.35
26-04-2021,693.0,708.15,687.2,704.45
27-04-2021,711.05,719.0,677.0,678.75
28-04-2021,682.5,682.5,671.15,672.6
29-04-2021,678.0,681.35,672.15,674.65
30-04-2021,670.0,678.0,660.7,665.1
03-05-2021,660.0,674.5,657.15,671.9
04-05-2021,677.0,680.85,665.5,667.85
05-05-2021,670.05,675.8,667.0,674.4
06-05-2021,672.0,679.9,669.0,671.8
07-05-2021,678.0,680.5,671.05,672.65
10-05-2021,670.25,685.95,670.25,680.05
11-05-2021,678.0,681.5,669.9,671.25
12-05-2021,671.25,673.95,665.1,668.8
14-05-2021,679.9,679.9,666.4,670.6
17-05-2021,671.6,675.3,662.85,666.3
18-05-2021,669.6,672.8,666.0,666.7
19-05-2021,668.0,671.6,665.0,666.15
20-05-2021,669.0,679.0,665.7,667.5
21-05-2021,669.0,674.9,667.0,670.7
24-05-2021,670.7,673.3,667.35,670.25
25-05-2021,673.7,674.0,657.1,659.15
26-05-2021,663.5,666.4,657.15,658.5
27-05-2021,661.05,667.0,657.35,664.05
28-05-2021,665.0,674.4,662.75,668.95
31-05-2021,670.7,670.7,662.45,665.9
01-06-2021,668.6,670.95,663.65,665.25
02-06-2021,664.0,677.95,662.9,675.9
03-06-2021,679.75,683.3,676.6,678.45
04-06-2021,678.75,688.75,677.6,680.9
07-06-2021,682.3,684.5,675.0,680.1
08-06-2021,684.05,692.0,681.0,689.7
09-06-2021,695.0,696.9,681.5,684.9
10-06-2021,689.0,691.7,684.25,689.25
11-06-2021,689.25,690.15,681.55,682.6
14-06-2021,682.6,685.0,674.3,681.7
15-06-2021,681.35,694.0,680.3,692.55
16-06-2021,696.2,698.1,690.0,692.15
17-06-2021,685.95,703.85,682.3,700.3
18-06-2021,704.0,711.0,692.6,709.2
21-06-2021,707.25,720.0,704.6,718.75
22-06-2021,720.0,724.0,713.25,716.75
23-06-2021,721.0,723.65,716.35,717.75
24-06-2021,715.0,722.45,712.05,719.6
25-06-2021,722.0,731.5,718.3,725.95
28-06-2021,728.0,728.0,694.2,696.2
29-06-2021,680.25,702.5,680.05,686.5
30-06-2021,690.0,695.65,685.0,686.3
01-07-2021,689.5,692.6,682.8,685.75
02-07-2021,689.35,690.05,678.85,687.5
05-07-2021,690.0,691.0,676.75,677.9
06-07-2021,678.6,687.0,675.0,680.05
07-07-2021,680.0,685.8,678.0,685.2
08-07-2021,685.3,689.3,678.4,681.3
09-07-2021,680.0,683.95,677.0,683.25
12-07-2021,684.5,686.65,680.1,682.95
13-07-2021,686.5,694.55,683.55,693.4
14-07-2021,696.0,697.05,688.0,688.5
15-07-2021,690.0,699.5,688.1,693.65
16-07-2021,695.95,702.0,692.15,698.0
19-07-2021,696.5,696.5,677.0,678.7
20-07-2021,678.7,681.5,661.95,663.45
22-07-2021,664.0,669.4,661.1,662.1
23-07-2021,662.1,667.95,661.8,665.35
26-07-2021,665.0,665.4,660.35,663.1
27-07-2021,666.0,674.8,662.9,668.75
28-07-2021,674.45,674.45,661.15,664.85
29-07-2021,666.05,669.95,661.0,662.65
30-07-2021,664.5,672.0,661.35,664.05
02-08-2021,669.0,671.45,665.4,670.35
03-08-2021,672.0,675.0,666.6,673.8
04-08-2021,676.0,679.65,672.65,675.3
05-08-2021,678.0,678.0,668.2,669.5
06-08-2021,670.05,675.5,669.0,673.4
09-08-2021,674.15,677.95,666.0,667.0
10-08-2021,671.85,674.55,663.3,670.3
11-08-2021,669.6,671.9,661.35,666.65
12-08-2021,666.5,675.9,665.4,674.95
13-08-2021,675.0,678.2,668.6,670.5
16-08-2021,670.0,675.5,666.0,673.55
17-08-2021,673.0,676.55,668.1,669.4
18-08-2021,668.95,675.15,668.5,671.05
20-08-2021,664.0,674.8,656.0,667.85
23-08-2021,670.0,672.8,662.3,668.8
24-08-2021,671.0,675.45,668.1,671.1
25-08-2021,675.1,692.0,673.0,687.55
26-08-2021,693.4,702.0,690.0,698.85
27-08-2021,700.35,707.0,698.85,704.1
30-08-2021,709.0,713.2,706.1,712.35
31-08-2021,712.35,719.0,704.1,717.75
01-09-2021,720.0,724.6,707.3,718.55
02-09-2021,722.45,775.65,720.0,759.0
03-09-2021,738.95,747.75,727.2,734.4
06-09-2021,740.0,743.75,728.7,736.05
07-09-2021,737.0,743.4,730.6,734.25
08-09-2021,739.0,747.0,733.85,743.65
09-09-2021,742.55,746.15,735.0,737.35
13-09-2021,736.95,742.7,723.45,734.9
14-09-2021,737.8,744.0,736.1,739.2
15-09-2021,740.9,752.0,740.0,746.3
16-09-2021,747.0,756.2,743.5,755.15
17-09-2021,759.0,759.6,740.0,747.75
20-09-2021,739.05,746.9,727.0,730.15
21-09-2021,729.7,737.7,724.25,735.8
22-09-2021,733.4,740.05,731.0,733.05
23-09-2021,733.75,735.85,722.2,724.65
24-09-2021,728.9,731.3,720.75,725.8
27-09-2021,729.4,730.25,718.3,721.0
28-09-2021,722.0,733.35,721.5,725.8
29-09-2021,724.7,738.0,721.0,734.75
30-09-2021,740.0,740.0,720.7,722.4
01-10-2021,720.0,730.5,714.3,729.45
04-10-2021,725.4,733.35,725.0,726.65
05-10-2021,724.2,735.95,722.05,733.15
06-10-2021,736.0,741.7,724.0,725.65
07-10-2021,730.0,732.35,719.3,725.35
08-10-2021,729.0,731.45,720.3,722.1
11-10-2021,724.9,724.9,714.9,717.3
12-10-2021,716.9,717.95,699.0,703.4
13-10-2021,704.3,709.8,700.0,700.9
14-10-2021,702.5,702.7,693.0,693.8
18-10-2021,700.0,706.05,689.05,703.6
19-10-2021,708.0,709.05,698.55,702.8
20-10-2021,703.4,709.5,695.3,703.4
21-10-2021,706.95,711.0,691.0,694.55
22-10-2021,700.0,702.0,678.0,690.75
25-10-2021,690.75,693.55,676.5,683.25
26-10-2021,685.0,695.0,684.1,690.05
27-10-2021,689.9,699.95,688.35,693.85
28-10-2021,693.85,695.7,680.2,683.1
29-10-2021,682.5,689.0,675.5,680.45
01-11-2021,680.45,693.45,680.35,689.8
02-11-2021,694.0,697.65,691.25,692.65
03-11-2021,695.05,698.5,685.8,692.3
04-11-2021,699.9,699.9,695.0,696.4
08-11-2021,702.5,704.95,692.0,703.25
09-11-2021,709.7,709.95,698.8,706.45
10-11-2021,705.5,708.0,700.6,706.5
11-11-2021,706.0,706.9,700.15,702.6
12-11-2021,708.85,722.0,704.8,720.6
15-11-2021,723.95,723.95,711.2,714.6
16-11-2021,718.0,719.4,711.25,713.6
17-11-2021,714.2,722.4,708.4,711.05
18-11-2021,711.05,715.0,702.3,704.5
22-11-2021,706.9,709.75,684.3,688.85
23-11-2021,688.8,699.4,686.0,695.4
24-11-2021,698.4,704.45,682.85,687.2
25-11-2021,690.0,694.5,685.5,688.8
26-11-2021,685.0,689.0,667.1,670.65
29-11-2021,669.6,686.0,658.8,683.65
30-11-2021,682.0,689.75,672.65,680.8
01-12-2021,680.0,695.0,678.05,693.85
02-12-2021,696.0,706.75,694.0,705.3
03-12-2021,707.25,707.25,688.15,690.95
06-12-2021,691.0,693.75,682.5,684.2
07-12-2021,688.0,696.2,683.85,694.4
08-12-2021,698.1,698.85,684.7,686.4
09-12-2021,689.9,690.3,681.2,683.15
10-12-2021,684.9,686.0,680.25,684.75
13-12-2021,685.0,688.4,673.0,674.4
14-12-2021,678.0,678.0,665.65,669.5
15-12-2021,670.0,675.3,665.1,672.85
16-12-2021,674.2,677.45,667.95,669.5
17-12-2021,667.0,669.95,654.4,656.6
20-12-2021,654.0,654.0,627.0,633.6
21-12-2021,640.0,643.95,633.0,638.75
22-12-2021,640.05,643.3,636.0,639.9
23-12-2021,641.05,644.6,636.8,640.5
24-12-2021,641.2,643.0,634.15,637.35
27-12-2021,635.0,642.35,630.1,639.75
28-12-2021,641.75,643.65,639.0,642.3
29-12-2021,645.0,646.75,639.1,644.75
30-12-2021,644.75,645.35,640.1,640.9
31-12-2021,645.35,655.0,642.15,649.55
03-01-2022,654.0,654.65,646.3,650.5
04-01-2022,652.4,655.0,649.05,653.15
05-01-2022,655.0,658.25,650.65,653.55
06-01-2022,651.0,651.95,644.9,646.9
07-01-2022,647.0,662.95,646.0,660.3
10-01-2022,666.0,669.7,660.0,662.95
11-01-2022,662.95,665.9,656.25,658.15
12-01-2022,658.3,674.25,658.3,673.25
13-01-2022,673.9,676.4,668.4,670.35
14-01-2022,668.0,674.85,666.2,671.45
17-01-2022,671.0,675.55,668.0,674.15
18-01-2022,678.0,678.8,666.75,669.1
19-01-2022,665.0,667.4,652.25,656.05
20-01-2022,654.6,660.6,647.55,649.45
21-01-2022,645.0,646.95,633.35,641.45
24-01-2022,639.85,639.85,619.1,627.6
25-01-2022,627.2,633.5,617.0,630.8
27-01-2022,625.8,625.9,617.15,621.5
28-01-2022,621.35,632.9,619.05,620.45
31-01-2022,625.5,627.5,615.45,622.45
01-02-2022,626.25,638.55,617.6,623.9
02-02-2022,624.1,645.8,624.1,644.15
03-02-2022,646.05,647.3,631.05,634.4
04-02-2022,637.0,637.0,622.1,624.35
07-02-2022,620.1,623.7,600.0,603.25
08-02-2022,606.4,607.85,594.0,600.45
09-02-2022,606.75,606.75,596.1,600.2
10-02-2022,600.2,611.5,590.45,606.25
11-02-2022,600.7,601.5,593.0,595.35
14-02-2022,588.0,589.8,555.0,557.3
15-02-2022,564.0,574.5,551.6,573.6
16-02-2022,577.0,592.9,576.3,586.35
17-02-2022,586.1,595.4,581.25,592.6
18-02-2022,590.0,597.5,587.45,590.95
21-02-2022,583.55,589.4,576.55,582.0
22-02-2022,577.0,577.0,565.0,572.75
23-02-2022,572.75,578.0,565.5,569.05
24-02-2022,559.0,560.0,529.05,532.95
25-02-2022,540.0,545.55,533.85,538.9
28-02-2022,532.0,532.5,520.25,523.2
02-03-2022,518.0,563.0,509.05,560.8
03-03-2022,560.75,563.5,530.25,531.75
04-03-2022,528.9,528.9,514.25,521.5
07-03-2022,505.0,520.0,498.0,503.5
08-03-2022,500.0,514.95,497.05,513.05
09-03-2022,517.0,523.0,508.0,514.7
10-03-2022,524.0,529.75,515.85,521.3
11-03-2022,518.55,524.2,514.75,518.8
14-03-2022,520.0,521.15,510.05,512.45
15-03-2022,512.45,519.8,502.75,504.7
16-03-2022,507.05,521.35,507.05,517.3
17-03-2022,523.0,532.9,520.5,530.15
21-03-2022,532.8,534.3,520.25,522.35
22-03-2022,523.5,530.5,516.5,529.3
23-03-2022,531.9,534.0,524.15,525.85
24-03-2022,524.0,526.0,519.0,522.35
25-03-2022,524.1,528.0,517.85,519.55
28-03-2022,516.1,520.7,505.1,512.6
29-03-2022,517.0,525.7,514.4,523.0
30-03-2022,526.0,543.35,526.0,542.3
31-03-2022,542.95,550.25,533.9,538.2
01-04-2022,538.0,551.4,536.4,550.35
04-04-2022,560.0,597.55,553.8,571.8
05-04-2022,572.0,575.65,567.0,569.65
06-04-2022,567.0,568.0,553.75,555.85
07-04-2022,560.0,560.55,552.85,559.0
08-04-2022,558.95,566.85,553.8,564.8
11-04-2022,564.95,571.7,560.6,567.4
12-04-2022,566.5,572.8,560.45,562.3
13-04-2022,565.0,568.75,562.0,564.85
18-04-2022,560.5,576.85,555.25,574.3
19-04-2022,576.9,579.9,542.0,546.7
20-04-2022,548.0,560.75,541.0,559.3
21-04-2022,560.5,575.7,557.05,570.95
22-04-2022,568.9,568.9,552.0,554.05
25-04-2022,552.0,552.0,536.0,540.0
26-04-2022,541.1,556.0,537.95,549.85
27-04-2022,552.0,558.45,537.25,547.65
28-04-2022,550.9,575.35,546.5,571.4
29-04-2022,575.35,594.0,573.2,582.4
02-05-2022,577.45,585.75,574.7,579.85
04-05-2022,570.3,580.55,564.4,567.6
05-05-2022,570.5,577.4,563.5,569.75
06-05-2022,555.0,573.75,555.0,565.95
09-05-2022,558.15,569.0,557.5,563.85
10-05-2022,561.0,572.9,558.0,559.2
11-05-2022,559.5,575.7,559.5,563.55
12-05-2022,560.1,564.65,544.3,547.25
13-05-2022,555.0,565.85,548.05,550.75
16-05-2022,552.1,557.75,544.2,549.7
17-05-2022,549.85,556.85,542.5,554.85
18-05-2022,555.0,558.55,547.55,550.0
19-05-2022,542.5,547.4,525.4,528.7
20-05-2022,534.0,547.35,532.0,544.7
23-05-2022,544.0,556.2,542.65,551.15
24-05-2022,551.15,556.0,545.65,552.9
25-05-2022,557.7,571.55,556.6,569.1
26-05-2022,568.1,581.0,563.15,578.05
27-05-2022,582.0,604.3,577.4,598.1
30-05-2022,605.65,613.4,599.3,608.9
31-05-2022,607.0,607.5,596.1,598.95
01-06-2022,598.95,609.0,596.65,607.15
02-06-2022,604.0,609.55,591.2,607.9
03-06-2022,613.0,617.45,600.3,602.7
06-06-2022,601.95,614.5,601.05,606.1
07-06-2022,607.0,607.15,593.05,605.3
08-06-2022,602.3,608.9,596.05,599.95
09-06-2022,595.5,606.9,592.0,604.9
10-06-2022,601.8,603.8,591.55,593.1
13-06-2022,581.55,590.0,579.55,582.0
14-06-2022,580.0,584.65,570.15,572.4
15-06-2022,577.0,582.2,571.15,579.75
16-06-2022,582.0,585.85,567.65,570.55
17-06-2022,564.0,572.0,547.4,550.8
20-06-2022,551.0,558.45,545.85,553.15
21-06-2022,555.4,565.8,555.0,564.45
22-06-2022,561.0,563.85,550.35,551.8
23-06-2022,553.1,560.0,549.65,558.1
24-06-2022,558.15,565.3,558.15,561.45
27-06-2022,564.25,572.5,556.6,558.0
28-06-2022,559.95,569.0,549.35,565.95
29-06-2022,558.5,561.55,538.75,541.25
30-06-2022,540.5,556.0,537.6,550.0
01-07-2022,549.95,567.3,540.55,565.45
04-07-2022,565.45,575.5,563.1,574.3
05-07-2022,581.0,581.2,563.25,564.85
06-07-2022,563.25,571.9,555.0,557.45
07-07-2022,563.8,565.65,551.2,554.6
08-07-2022,558.0,558.85,543.45,545.35
11-07-2022,543.0,549.1,540.2,546.65
12-07-2022,546.55,546.65,537.45,539.75
13-07-2022,542.45,545.75,538.55,539.5
14-07-2022,540.8,543.45,532.6,537.15
15-07-2022,537.1,541.7,534.0,539.9
18-07-2022,544.4,545.95,540.45,542.75
19-07-2022,541.0,544.8,535.0,535.9
20-07-2022,540.0,541.1,522.0,525.2
21-07-2022,525.3,532.35,519.05,529.1
22-07-2022,530.0,536.95,528.55,535.0
25-07-2022,534.0,536.0,526.0,526.75
26-07-2022,525.0,531.0,520.1,522.55
27-07-2022,525.0,532.55,520.05,521.25
28-07-2022,524.0,536.0,519.65,531.6
29-07-2022,540.0,560.0,534.2,555.5
01-08-2022,560.0,560.2,544.4,546.05
02-08-2022,545.0,545.0,534.65,538.5
03-08-2022,540.0,540.55,526.5,535.35
04-08-2022,536.3,539.4,529.4,534.9
05-08-2022,537.6,545.55,536.55,539.25
08-08-2022,541.0,543.4,535.8,536.75
10-08-2022,538.4,543.95,537.0,540.9
11-08-2022,543.65,545.5,539.25,541.55
12-08-2022,542.0,548.35,540.15,544.95
16-08-2022,547.7,572.9,546.0,570.6
17-08-2022,572.0,591.7,570.0,589.35
18-08-2022,590.2,598.95,583.0,586.75
19-08-2022,586.5,594.4,573.8,576.65
22-08-2022,576.65,576.65,565.6,566.65
23-08-2022,560.0,571.3,560.0,565.85
24-08-2022,567.9,574.25,563.15,566.65
25-08-2022,569.5,579.75,568.35,571.05
26-08-2022,574.9,581.5,564.35,566.9
29-08-2022,555.0,565.0,554.1,560.95
30-08-2022,563.5,576.5,562.15,575.2
01-09-2022,576.85,581.0,569.05,575.6
02-09-2022,575.0,586.1,571.25,574.85
05-09-2022,574.0,578.85,570.05,573.65
06-09-2022,576.4,580.8,571.65,573.5
07-09-2022,570.0,578.5,568.9,576.95
08-09-2022,579.85,586.0,578.0,584.35
09-09-2022,586.0,588.9,575.0,575.95
12-09-2022,578.0,584.0,572.8,578.55
13-09-2022,605.0,605.9,585.0,587.05
14-09-2022,580.0,586.2,575.05,576.35
15-09-2022,578.4,583.4,566.1,566.75
16-09-2022,568.0,568.85,544.9,546.75
19-09-2022,550.0,557.0,543.0,548.1
20-09-2022,550.8,564.55,547.2,559.75
21-09-2022,558.0,561.8,549.5,551.4
22-09-2022,545.1,551.45,540.1,545.8
23-09-2022,542.75,545.0,537.1,539.45
26-09-2022,535.0,536.45,520.0,522.75
27-09-2022,525.4,526.9,515.25,520.85
28-09-2022,518.35,520.25,510.0,514.45
29-09-2022,518.0,529.75,517.0,528.0
30-09-2022,526.0,532.4,521.5,530.45
03-10-2022,530.55,530.55,518.05,518.7
04-10-2022,522.2,533.1,522.2,531.95
06-10-2022,535.0,539.2,528.8,529.65
07-10-2022,529.95,533.5,525.9,526.85
10-10-2022,525.8,534.5,520.0,533.2
11-10-2022,534.0,535.0,521.3,522.55
12-10-2022,520.1,528.6,520.1,526.6
13-10-2022,525.0,526.0,518.0,520.65
14-10-2022,534.4,534.4,521.8,523.0
17-10-2022,522.0,525.9,518.6,523.75
18-10-2022,526.1,532.4,523.75,531.25
19-10-2022,533.2,535.4,529.3,531.55
20-10-2022,531.0,538.0,527.0,537.2
21-10-2022,539.9,548.3,536.7,541.95
24-10-2022,546.8,547.0,539.7,541.55
25-10-2022,544.35,544.8,531.5,533.45
27-10-2022,533.0,537.95,529.65,533.0
28-10-2022,532.7,536.5,528.3,530.1
31-10-2022,532.8,541.3,532.1,540.45
01-11-2022,543.05,550.9,539.9,544.55
02-11-2022,545.85,548.15,540.15,542.25
03-11-2022,540.4,548.3,538.15,545.4
04-11-2022,545.4,546.9,536.5,539.3
07-11-2022,540.0,543.5,534.7,536.0
09-11-2022,536.75,538.2,530.9,531.75
10-11-2022,531.75,534.5,527.0,528.25
11-11-2022,535.0,553.0,532.45,542.65
14-11-2022,545.0,545.2,536.35,538.85
15-11-2022,539.8,540.95,530.15,532.9
16-11-2022,527.1,532.15,525.6,528.1
17-11-2022,528.55,535.55,525.05,531.2
18-11-2022,533.0,534.75,528.05,531.55
21-11-2022,531.5,534.9,528.55,532.35
22-11-2022,533.8,540.6,532.3,539.95
23-11-2022,542.65,549.1,541.0,547.65
24-11-2022,551.9,573.55,550.1,572.55
25-11-2022,575.0,590.0,574.0,586.6
28-11-2022,584.7,593.0,582.15,586.0
29-11-2022,583.5,587.5,582.55,584.85
30-11-2022,586.2,593.0,585.05,590.6
01-12-2022,590.6,600.9,589.1,596.45
02-12-2022,594.95,594.95,586.95,589.85
05-12-2022,591.9,593.8,584.8,588.9
06-12-2022,588.0,595.4,585.1,586.8
07-12-2022,590.9,590.9,580.1,581.8
08-12-2022,580.0,580.8,573.5,577.5
09-12-2022,581.0,581.9,571.55,579.6
12-12-2022,575.2,578.0,571.55,576.5
13-12-2022,578.2,583.8,577.3,582.35
14-12-2022,583.0,585.55,579.1,580.35
15-12-2022,582.9,587.25,576.15,580.2
16-12-2022,579.2,585.7,573.6,575.2
19-12-2022,574.95,586.75,574.2,584.45
20-12-2022,583.0,585.0,578.55,579.8
21-12-2022,585.0,589.9,571.3,575.4
22-12-2022,576.4,582.8,574.0,577.85
23-12-2022,574.95,578.95,564.15,565.45
26-12-2022,562.5,570.75,562.5,569.3
27-12-2022,572.0,574.2,567.45,569.8
28-12-2022,569.7,571.75,566.35,568.2
29-12-2022,566.0,573.2,559.15,571.0
30-12-2022,572.05,573.0,565.2,566.25
02-01-2023,565.0,571.4,561.25,570.3
03-01-2023,570.0,600.0,569.5,595.6
04-01-2023,599.0,609.9,595.0,598.6
05-01-2023,600.0,612.4,598.0,609.45
06-01-2023,608.0,620.6,605.65,611.65
09-01-2023,615.05,618.05,601.75,608.45
10-01-2023,608.5,613.05,599.55,600.2
11-01-2023,600.0,605.55,594.35,599.85
12-01-2023,602.45,605.8,594.6,598.4
13-01-2023,599.45,607.6,596.35,604.5
16-01-2023,605.0,612.6,599.85,604.2
17-01-2023,607.0,610.6,601.2,609.45
18-01-2023,610.0,610.05,598.45,601.05
19-01-2023,601.15,611.0,600.75,605.25
20-01-2023,608.0,608.4,588.25,590.55
23-01-2023,595.0,596.45,585.2,589.2
24-01-2023,591.0,594.75,588.15,589.55
25-01-2023,590.0,591.75,580.1,585.05
27-01-2023,586.45,593.9,578.05,587.7
30-01-2023,586.8,592.35,583.3,587.95
31-01-2023,587.95,589.5,572.95,578.85
01-02-2023,582.9,584.65,502.35,515.7
02-02-2023,499.0,505.25,483.05,492.7
03-02-2023,496.0,499.0,481.0,488.9
06-02-2023,487.0,489.75,473.7,482.05
07-02-2023,483.9,491.5,482.0,482.95
08-02-2023,484.8,510.3,483.5,508.55
09-02-2023,508.55,522.7,502.2,518.65
10-02-2023,519.8,528.4,518.3,522.55
13-02-2023,522.55,526.0,512.15,514.5
14-02-2023,515.4,517.45,507.65,512.05
15-02-2023,510.75,520.0,509.65,519.1
16-02-2023,519.0,522.0,512.7,514.6
17-02-2023,514.55,514.55,501.5,504.25
20-02-2023,506.3,522.75,500.25,507.95
21-02-2023,510.9,514.8,500.05,501.05
22-02-2023,500.6,501.75,492.5,494.45
23-02-2023,494.45,494.95,486.15,486.85
24-02-2023,488.5,490.0,482.0,482.85
27-02-2023,482.85,490.9,478.0,488.7
28-02-2023,490.9,491.7,484.55,488.8
01-03-2023,488.9,490.85,484.4,489.75
02-03-2023,490.0,491.25,481.65,482.8
03-03-2023,485.3,492.55,481.6,489.95
06-03-2023,492.0,496.75,489.0,490.15
08-03-2023,490.0,496.35,488.0,495.2
09-03-2023,495.0,496.6,490.0,491.25
10-03-2023,487.55,491.15,484.2,490.25
13-03-2023,490.0,495.5,477.3,478.95
14-03-2023,480.45,485.35,468.75,470.55
15-03-2023,473.05,478.45,465.1,466.7
16-03-2023,466.7,469.0,457.8,461.4
17-03-2023,464.05,477.3,464.0,471.25
20-03-2023,470.0,471.4,458.1,465.25
21-03-2023,467.0,484.0,466.5,482.75
22-03-2023,483.0,498.5,483.0,497.45
23-03-2023,497.45,505.0,494.15,498.55
24-03-2023,494.5,501.9,481.6,492.25
27-03-2023,486.65,499.45,486.65,492.95
28-03-2023,495.45,498.5,486.85,489.7
29-03-2023,491.3,498.0,486.7,495.95
31-03-2023,497.0,501.2,495.0,499.2
03-04-2023,502.05,508.5,501.25,503.7
05-04-2023,503.7,511.95,503.7,507.75
06-04-2023,506.1,516.9,505.25,514.65
10-04-2023,514.65,520.3,511.65,513.7
11-04-2023,516.8,522.8,512.75,513.55
12-04-2023,514.0,518.45,509.55,517.05
13-04-2023,519.65,533.5,518.5,531.85
17-04-2023,542.5,542.5,529.3,533.4
18-04-2023,537.0,540.0,529.5,532.3
19-04-2023,532.5,532.95,523.35,524.8
20-04-2023,525.0,531.6,522.8,530.25
21-04-2023,536.0,541.25,511.4,513.3
24-04-2023,551.0,555.55,532.0,547.55
25-04-2023,546.15,546.85,528.0,529.75
26-04-2023,529.0,536.9,528.6,531.6
27-04-2023,530.1,530.1,516.05,517.85
28-04-2023,517.1,531.0,516.45,529.75
02-05-2023,530.0,545.85,529.55,544.5
03-05-2023,544.0,547.85,535.1,538.7
04-05-2023,539.8,549.75,536.55,546.5
05-05-2023,543.0,548.75,537.5,539.7
08-05-2023,542.0,551.0,540.0,549.55
09-05-2023,552.5,557.45,549.6,552.05
10-05-2023,553.4,563.5,551.15,562.65
11-05-2023,562.05,569.4,561.05,567.4
12-05-2023,567.4,569.0,558.65,560.65
15-05-2023,559.9,563.05,556.3,559.3
16-05-2023,562.2,563.5,554.0,559.5
17-05-2023,562.0,562.75,552.4,560.1
18-05-2023,564.0,568.8,559.3,561.55
19-05-2023,564.9,564.9,554.95,557.6
22-05-2023,557.0,569.2,554.5,567.0
23-05-2023,567.7,573.75,561.15,562.7
24-05-2023,562.6,571.95,558.9,566.0
25-05-2023,566.0,573.7,563.05,572.05
26-05-2023,572.0,578.85,569.35,577.2
29-05-2023,577.3,588.45,575.0,579.05
30-05-2023,576.0,589.0,571.0,585.15
31-05-2023,603.0,603.7,584.25,592.35
01-06-2023,593.45,594.45,581.0,582.2
02-06-2023,585.3,586.0,572.95,576.4
05-06-2023,578.05,580.95,573.0,574.15
06-06-2023,574.15,582.75,567.9,579.7
07-06-2023,583.0,595.5,582.7,594.45
08-06-2023,594.45,597.4,589.8,593.9
09-06-2023,587.95,593.7,576.75,581.7
12-06-2023,585.95,591.0,581.45,584.4
13-06-2023,582.25,587.0,581.0,584.8
14-06-2023,584.8,589.45,581.8,585.05
15-06-2023,585.05,585.05,574.0,578.15
16-06-2023,577.8,615.0,576.6,609.55
19-06-2023,609.95,629.0,602.1,626.55
20-06-2023,627.0,644.85,624.2,643.7
21-06-2023,645.0,659.95,640.05,642.5
22-06-2023,642.5,655.8,637.25,639.0
23-06-2023,642.45,643.0,623.8,626.9
26-06-2023,619.95,632.35,616.75,630.25
27-06-2023,641.0,674.0,637.1,667.2
28-06-2023,667.2,671.95,641.55,651.95
30-06-2023,652.0,657.5,638.5,651.2
03-07-2023,651.0,657.0,644.05,650.7
04-07-2023,654.4,657.25,644.6,647.0
05-07-2023,647.0,675.95,645.05,673.6
06-07-2023,674.55,677.7,659.5,661.15
07-07-2023,660.6,679.0,656.7,658.1
10-07-2023,660.0,674.75,659.05,668.25
11-07-2023,671.0,684.8,670.75,672.55
12-07-2023,675.9,677.5,669.75,671.7
13-07-2023,676.0,690.85,676.0,680.6
14-07-2023,683.85,684.8,660.55,670.05
17-07-2023,672.95,674.85,662.1,667.15
18-07-2023,667.0,667.0,653.35,656.55
19-07-2023,658.0,660.45,649.05,659.05
20-07-2023,660.0,662.85,651.55,661.05
21-07-2023,662.5,662.5,633.65,647.3
24-07-2023,653.6,660.2,646.05,653.15
25-07-2023,653.15,660.0,650.0,651.8
26-07-2023,652.0,660.0,648.0,658.6
27-07-2023,658.6,668.25,657.2,662.45
28-07-2023,663.0,664.45,654.5,659.3
31-07-2023,652.0,655.0,644.45,646.85
01-08-2023,641.15,646.8,638.0,642.75
02-08-2023,642.75,644.9,637.0,642.85
03-08-2023,637.1,640.95,629.1,632.7
04-08-2023,635.95,644.25,635.15,642.2
07-08-2023,645.0,649.75,639.25,648.8
08-08-2023,650.0,654.85,642.1,645.45
09-08-2023,646.0,652.0,643.15,645.8
10-08-2023,645.0,651.5,638.1,640.0
11-08-2023,640.0,641.9,632.0,633.6
14-08-2023,632.1,638.0,625.6,632.75
16-08-2023,627.1,629.8,619.65,625.15
17-08-2023,625.15,630.95,622.2,628.4
18-08-2023,623.0,627.45,616.75,625.95
21-08-2023,625.0,629.35,623.0,625.15
22-08-2023,625.0,654.05,624.2,635.85
23-08-2023,638.0,638.5,630.1,633.2
24-08-2023,635.0,637.5,628.5,630.5
25-08-2023,630.0,635.85,625.75,628.3
28-08-2023,629.0,632.25,624.65,627.35
29-08-2023,628.4,636.0,626.05,634.9
30-08-2023,636.5,639.95,634.15,637.05
31-08-2023,635.0,647.9,631.3,644.75
01-09-2023,644.75,648.0,638.55,641.35
04-09-2023,645.0,645.85,634.0,640.05
05-09-2023,644.0,648.1,636.0,640.95
06-09-2023,643.5,651.2,639.3,647.55
07-09-2023,648.0,657.75,643.05,656.75
08-09-2023,659.2,660.8,652.95,657.45
11-09-2023,658.0,677.55,656.4,668.65
12-09-2023,668.65,670.3,656.5,660.95
13-09-2023,656.0,658.95,642.7,650.2
14-09-2023,650.3,655.4,643.0,645.45
15-09-2023,641.2,646.85,640.3,644.9
18-09-2023,644.7,665.55,644.6,659.95
20-09-2023,659.35,659.35,645.75,648.2
21-09-2023,646.05,653.9,641.4,644.25
22-09-2023,643.4,656.0,642.25,649.45
25-09-2023,652.2,653.0,640.05,642.1
26-09-2023,640.05,648.85,638.15,644.25
27-09-2023,647.9,649.55,639.8,648.2
28-09-2023,645.2,650.65,633.35,634.7
29-09-2023,635.55,639.4,630.65,637.4
03-10-2023,634.45,637.5,628.55,633.55
04-10-2023,631.0,632.0,624.25,625.5
05-10-2023,626.0,627.75,619.9,624.35
06-10-2023,624.55,636.2,622.75,630.9
09-10-2023,625.0,629.55,613.35,615.15
10-10-2023,616.1,624.75,615.15,621.25
11-10-2023,626.95,627.0,619.0,621.5
12-10-2023,622.05,626.3,619.0,624.65
13-10-2023,623.25,633.0,614.5,625.25
16-10-2023,633.0,635.0,619.65,630.05
17-10-2023,632.5,645.9,630.55,641.8
18-10-2023,641.65,648.45,637.75,645.0
19-10-2023,639.0,644.25,629.15,639.0
20-10-2023,636.95,641.95,630.0,639.95
23-10-2023,638.0,644.7,621.8,625.25
25-10-2023,625.25,627.95,607.7,616.45
26-10-2023,611.85,614.95,602.7,605.85
27-10-2023,606.05,615.6,606.05,608.65
30-10-2023,609.8,618.0,600.75,607.6
31-10-2023,607.1,621.0,604.45,618.35
01-11-2023,621.8,623.95,616.9,620.05
02-11-2023,622.0,626.8,618.0,619.3
03-11-2023,622.0,625.0,619.6,622.1
06-11-2023,622.1,626.3,619.4,621.8
07-11-2023,623.4,624.0,614.7,622.45
08-11-2023,624.0,624.85,617.5,618.75
09-11-2023,618.75,625.0,613.2,621.35
10-11-2023,620.85,631.5,620.05,626.75
12-11-2023,629.0,629.9,624.55,626.9
13-11-2023,625.15,628.2,617.0,621.05
15-11-2023,632.95,639.4,627.0,636.15
16-11-2023,636.9,639.7,632.0,634.95
17-11-2023,632.85,660.0,632.0,651.8
20-11-2023,654.95,655.2,647.5,652.4
21-11-2023,655.0,672.05,654.25,667.9
22-11-2023,669.75,675.35,665.3,668.5
23-11-2023,668.05,677.0,659.5,665.0
24-11-2023,666.05,672.25,663.05,668.0
28-11-2023,668.05,676.7,668.05,673.3
29-11-2023,677.0,680.45,671.3,675.65
30-11-2023,676.9,693.0,674.55,690.75
01-12-2023,694.05,695.0,680.05,682.15
04-12-2023,689.8,689.8,672.25,674.95
05-12-2023,679.0,681.3,667.7,672.75
06-12-2023,677.0,681.8,675.05,677.35
07-12-2023,680.9,685.7,675.55,678.3
08-12-2023,680.45,684.0,667.0,671.25
11-12-2023,671.05,674.5,667.25,672.5
12-12-2023,676.9,710.6,675.35,707.35
13-12-2023,706.5,707.0,689.2,698.2
14-12-2023,702.0,704.0,679.1,684.55
15-12-2023,688.0,688.0,663.25,673.1
18-12-2023,673.8,674.8,666.8,672.25
19-12-2023,673.0,674.05,664.3,666.05
20-12-2023,671.9,674.0,640.3,644.1
21-12-2023,641.0,648.7,637.15,644.2
22-12-2023,646.0,649.0,637.1,639.85
26-12-2023,641.0,645.9,634.0,638.0
27-12-2023,643.0,646.0,638.4,643.8
28-12-2023,647.0,650.95,644.25,648.1
29-12-2023,648.1,649.85,643.0,646.7
01-01-2024,647.0,652.35,644.35,648.7
02-01-2024,649.5,654.3,642.6,645.5
03-01-2024,644.0,648.45,636.1,637.2
04-01-2024,638.0,649.0,638.0,647.95
05-01-2024,648.5,654.55,642.45,646.75
08-01-2024,647.0,654.15,641.7,645.85
09-01-2024,647.0,650.8,638.6,640.9
10-01-2024,642.0,650.35,641.45,644.95
11-01-2024,646.0,653.1,639.9,644.0
12-01-2024,646.85,648.6,621.3,637.6
15-01-2024,637.0,637.0,611.85,614.45
16-01-2024,615.75,616.85,609.05,611.25
17-01-2024,611.0,618.5,605.1,606.6
18-01-2024,608.0,612.3,600.6,607.8
19-01-2024,614.5,618.4,609.8,615.9
20-01-2024,618.0,619.5,607.35,608.0
23-01-2024,600.25,613.75,582.8,586.15
24-01-2024,590.0,591.0,576.7,581.65
25-01-2024,584.15,586.55,577.3,579.0
29-01-2024,575.05,584.0,575.05,578.55
30-01-2024,583.0,583.6,571.55,575.0
31-01-2024,573.5,578.0,571.3,576.6
01-02-2024,577.2,591.4,567.2,587.1
02-02-2024,589.95,589.95,576.5,578.8
05-02-2024,578.8,581.95,561.55,563.35
06-02-2024,564.0,595.05,562.25,592.75
07-02-2024,597.0,614.0,596.0,605.15
08-02-2024,605.15,616.05,590.1,591.7
09-02-2024,591.7,594.15,582.25,584.0
12-02-2024,584.0,586.5,572.4,577.2
13-02-2024,577.25,594.0,574.7,589.55
14-02-2024,582.4,586.95,578.4,585.35
15-02-2024,586.85,589.35,582.0,585.1
16-02-2024,588.5,594.0,583.7,592.45
19-02-2024,594.3,594.3,584.4,585.2
20-02-2024,580.2,589.5,576.25,587.95
21-02-2024,587.95,591.25,574.5,577.45
22-02-2024,578.0,579.4,567.05,574.65
23-02-2024,577.2,583.35,575.75,580.7
26-02-2024,568.75,580.95,567.25,576.35
27-02-2024,576.05,592.0,572.85,581.6
28-02-2024,582.0,590.9,578.15,580.6
29-02-2024,581.0,585.9,575.55,582.0
01-03-2024,584.9,596.8,583.0,589.95
02-03-2024,594.45,597.0,591.05,592.3
04-03-2024,595.0,620.5,587.6,610.3
05-03-2024,611.8,615.6,603.75,607.7
06-03-2024,611.25,618.1,604.7,613.95
07-03-2024,611.55,624.15,611.55,621.95
11-03-2024,625.0,629.0,618.9,620.85
12-03-2024,618.25,629.8,615.05,621.55
13-03-2024,623.25,626.7,604.05,610.05
14-03-2024,603.0,624.5,598.2,622.25
15-03-2024,620.0,634.8,611.3,632.35
18-03-2024,634.95,636.55,628.25,634.1
19-03-2024,634.0,636.5,623.35,632.5
20-03-2024,630.0,632.5,619.4,626.4
21-03-2024,629.0,639.0,620.0,622.25
22-03-2024,623.9,628.65,616.0,623.85
26-03-2024,638.85,642.8,625.5,626.9
27-03-2024,627.5,638.4,624.05,626.35
28-03-2024,626.35,638.75,626.35,633.35
01-04-2024,638.0,638.0,628.0,634.75
02-04-2024,631.1,641.65,631.1,631.9
03-04-2024,629.85,630.0,620.4,624.1
04-04-2024,625.0,626.5,618.1,622.4
05-04-2024,621.0,630.45,616.3,629.4
08-04-2024,630.0,635.9,626.55,634.6
09-04-2024,639.0,639.15,632.65,633.95
10-04-2024,636.0,637.1,620.0,621.5
12-04-2024,621.0,624.0,616.25,618.5
15-04-2024,610.05,616.5,604.1,612.95
16-04-2024,609.05,611.1,600.6,604.6
18-04-2024,618.0,624.0,604.15,605.65
19-04-2024,600.0,604.4,581.1,601.55
22-04-2024,601.85,608.85,598.1,605.95
23-04-2024,606.05,609.15,598.0,601.15
24-04-2024,600.05,601.1,593.0,594.2
25-04-2024,595.45,596.4,585.6,594.7
26-04-2024,597.0,603.4,587.0,587.85
29-04-2024,590.0,591.95,571.0,575.1
30-04-2024,576.55,588.5,576.05,583.65
02-05-2024,584.3,586.55,573.4,576.35
03-05-2024,581.8,581.8,565.25,565.9
06-05-2024,569.9,569.9,550.2,555.05
07-05-2024,559.5,561.95,549.6,552.35
08-05-2024,552.1,553.95,548.0,550.45
09-05-2024,551.05,551.9,538.0,539.55
10-05-2024,542.8,553.8,539.55,548.55
13-05-2024,553.8,568.45,547.15,559.65
14-05-2024,566.0,568.0,560.0,561.55
15-05-2024,561.55,562.0,555.0,555.95
16-05-2024,557.0,568.2,550.7,567.05
17-05-2024,567.05,572.0,561.45,570.2
18-05-2024,570.05,571.95,566.75,569.4
21-05-2024,569.4,570.0,563.05,565.6
22-05-2024,565.6,566.8,559.65,560.4
23-05-2024,564.0,569.2,558.05,565.65
24-05-2024,565.0,571.8,563.45,565.1
27-05-2024,565.2,569.3,562.1,564.25
28-05-2024,567.0,579.95,563.65,578.45
29-05-2024,578.45,578.45,560.9,561.85
30-05-2024,552.75,563.85,548.25,550.75
31-05-2024,551.9,556.3,546.55,549.85
03-06-2024,568.95,569.25,547.05,550.1
04-06-2024,555.0,555.0,511.4,534.45
05-06-2024,540.0,554.3,536.1,551.95
06-06-2024,555.0,558.75,550.4,555.25
07-06-2024,555.05,563.6,553.5,562.95
10-06-2024,563.25,574.55,561.3,569.2
11-06-2024,571.5,576.9,566.2,571.7
12-06-2024,571.7,577.75,569.6,572.7
13-06-2024,565.0,598.4,565.0,593.5
14-06-2024,599.15,601.8,594.05,598.35
18-06-2024,596.85,605.0,591.8,601.2
19-06-2024,602.1,605.15,592.35,596.2
20-06-2024,596.2,597.5,582.7,590.1
21-06-2024,588.0,592.6,580.0,580.95
24-06-2024,580.0,582.45,575.65,579.5
25-06-2024,578.85,592.25,576.95,590.95
